Date,BTC-USD,ETH-USD,XRP-USD,LTC-USD,ADA-USD,BNB-USD,SOL-USD,DOGE-USD,TRX-USD,LINK-USD
2025-03-23,0.02637371251978064,0.012854137531671814,0.028688617800954032,0.0014219307837437607,0.013033191994290528,,0.033525258162304256,0.030650359534798926,,0.015532264198782345
2025-03-24,0.01648128939812189,0.03701870243047964,0.0042127713177024075,0.02482856382940334,0.029948169115441684,,0.05953921817234585,0.05856401750786339,,0.044472796825117886
2025-03-25,-0.0010944748636855077,-0.007154596134771516,-8.163265310658229e-05,0.006588759223578007,0.01706433606400294,,0.018898310862946955,0.041370447993575324,,0.020285998619642028
2025-03-26,-0.00575692789062159,-0.027996431704260572,-0.041887230989447424,-0.02108721433824525,-0.02144490432843263,,-0.04490739245537967,0.02152405268316647,,-0.012253298066829005
2025-03-27,0.0033474725029797323,-0.0031896046019512735,-0.0038381214757046696,0.0034557269811509046,0.012407276212305269,,0.007397234397833659,-0.023045603909319756,,0.017551152556612586
2025-03-28,-0.03305303100348851,-0.0549380997903296,-0.058823668025045954,-0.060321465961689476,-0.044470240199046086,,-0.06693058987338772,-0.05559985573051085,,-0.08509766881659374
2025-03-29,-0.021138325739139933,-0.03697898518073863,-0.03335946283951248,-0.021996719262114117,-0.04787685420715406,,-0.03859050386587559,-0.0610549114357438,,-0.05080229027429457
2025-03-30,-0.0028709665682060113,-0.011049167351900849,0.0012174566028953283,0.007812084270157693,-0.01784289034258606,,0.002085506491021361,-0.01767955808133305,,-0.01001529199461726
2025-03-31,0.0018717606060929413,0.008111712164979735,-0.02247923724901014,-0.037391956615449806,0.0009073038577952818,,-0.0020855064910212592,0.00048033624460022597,,0.006762054374923171
2025-04-01,0.03143939655959938,0.044598983595311927,0.023414734768005232,0.01863407954489301,0.023157828782118205,,0.01711620816965592,0.04334716663483352,,0.03928337532728049
2025-04-02,-0.03197555970953129,-0.05971237066704365,-0.05546299285549261,-0.035780483688308704,-0.05635079613788215,,-0.07615625021996578,-0.06023669913748999,,-0.0847354158364769
2025-04-03,0.008260722880323671,0.011996621364937031,0.01976871149940971,0.02303690623916371,0.01627312159884238,,-0.002387857180994669,-0.00950781583476964,,-0.0005426567054364329
2025-04-04,0.008211883115587725,1.6516413186197966e-05,0.03133677182551733,0.01144095425589182,0.014650040742165228,,0.04686924674794949,0.05392772569254594,,0.0035606508708017678
2025-04-05,-0.0043249761292505256,-0.006240562793570963,0.006459184638049565,-0.020834086902841914,-0.008672553406187852,,-0.02049538797508031,-0.013996112035391462,,-0.007834659785937498
2025-04-06,-0.06337490254585651,-0.1333311852153092,-0.10965158737185322,-0.15758467976783694,-0.13248408933452038,,-0.12783337150988502,-0.12411745828059641,,-0.12970058719135713
2025-04-07,0.009767791308125245,-0.01732255892889783,-0.011783017110547222,0.005368002719154189,0.022085093622995714,,0.01052839204459996,0.002410769265078871,,0.014959800283895621
2025-04-08,-0.03717963886267811,-0.05337544928706646,-0.05600943873240048,-0.026988144717646916,-0.04914005472552999,,-0.014979789270387454,-0.05083224512278155,,-0.04803928884056891
2025-04-09,0.07990719573197488,0.12580514650647728,0.13396307836401297,0.09558646106039904,0.1232845937387113,,0.12217143083458372,0.120328857902429,,0.14779411407242288
2025-04-10,-0.03753094937177592,-0.09268314231817275,-0.04362372618733964,-0.029773242490827308,-0.035481870747754975,,-0.05428659270199402,-0.04328962762673228,,-0.047017033537768385
2025-04-11,0.04699893946698838,0.028904345376990374,0.02850167839979301,0.03174446331442146,0.02384734633126407,,0.07358835665748913,0.04147854204192428,,0.0462262070829504
2025-04-12,0.022420428132187746,0.0484334434237064,0.06608637276019362,0.0319127914542144,0.05534886194555108,,0.08570586686515523,0.04677001563619487,,0.039403267083261605
2025-04-13,-0.01820053639578914,-0.028889135713112593,-0.018979627317769508,-0.010225037961161441,-0.03284038277446404,,-0.029940057787227786,-0.030833176306956474,,-0.040590680640549416
2025-04-14,0.010186311112538178,0.016758798593006878,0.0038154501172507327,-0.00851508176827684,-0.004555816535860691,,0.008303955209657057,-0.02504179689477785,,0.0007917656787340257
2025-04-15,-0.011420635374033717,-0.022032410172121115,-0.020375428833292287,-0.02519157094418147,-0.04180000896649025,,-0.02583516164272632,-0.031917602968305085,,-0.03233352277537822
2025-04-16,0.004758968414070044,-0.0071827998167724744,-0.00047993857707571015,-0.012299620296185105,0.0026233823866501694,,0.04064115494825674,0.007526149844145907,,0.010085486057273954
2025-04-17,0.011045099437998506,0.004150459913986048,-0.00761376075859726,0.008305473061060534,0.009938982020030606,,0.026525956952347128,0.007598233593612415,,0.014381800931666362
2025-04-18,-0.005849093725533374,0.002988276085782409,-0.002858044428579556,0.013778702356164475,0.0167206467870783,,-0.0060993940953336405,0.010846093309390384,,0.0018330349822698942
2025-04-19,0.007178451962048752,0.015180960244673775,0.012581814122318269,0.0014463219929690178,0.0014339204241371024,,0.04264976430080736,-0.001841913569747839,,0.029112652747776472
2025-04-20,0.0012023331760546672,-0.015968141201537677,-0.004368810808675535,0.021961768905045673,-0.012979911421197794,,-0.01454728232140689,-0.013053679086697816,,0.026934829366600143
2025-04-21,0.027155554111046094,-0.00490706318309275,0.003314362858214939,0.00448862568313988,0.006591133900860046,,-0.009402058983620514,0.02631563537858019,,-0.01372013184068161
2025-04-22,0.06595386182812568,0.10646781285877377,0.06042996308220206,0.06657579190032917,0.08504662165120104,,0.08610782499223664,0.11406779191757847,,0.07610131743907764
2025-04-23,0.002689954867755035,0.021909616253115678,0.001713951075841736,-0.0025172323750437633,0.026718592431907582,,0.015466975002866484,0.000503623300423955,,0.06058301426715526
2025-04-24,0.002993565180473566,-0.014306267278295,-0.005875723119146135,0.011811865541813227,0.03408780743403008,,0.009481240369068288,0.021693064714475397,,0.002858569338933742
2025-04-25,0.007278443307280461,0.008739328361927862,-0.010618278268415854,0.02367668031284703,-0.011560822401075971,,-0.011136486219897447,-0.005049129874963688,,-0.009136137703748666
2025-04-26,-0.00044514751143818305,0.019764749225683997,0.00434296323659112,0.008764904457216977,-0.009289299732626247,,-0.010926885985310686,0.0012646745149160802,,-0.0038258931790389455
2025-04-27,-0.009403976104924439,-0.0164498877425761,0.027312669401474005,-0.019478876746592405,-0.005529968009461086,,-0.008274239127193224,-0.014111631203969433,,-0.020930364499544354
2025-04-28,0.013367204796526816,0.004665750890652454,0.018819532698428555,0.0033896356456783318,0.0035483679271969596,,-0.0009461378012010279,-0.0017291874340760228,,0.031233526493387738
2025-04-29,-0.008150328620155384,-0.001139373245724336,-0.02505313407607411,-0.0012843717102157442,-0.013982250906750043,,-0.010603688260870226,-0.024928515804146154,,-0.028284986626202706
2025-04-30,-0.0009397537900099472,-0.002461025741016172,-0.021717899895885292,-0.024362605125703395,-0.020759981965679998,,0.008302191272590855,-0.014296663638698116,,-0.021384157982577437
2025-05-01,0.024567020865718443,0.024793361620747363,0.0101274736488001,0.06185624873994746,0.03374995835625522,,0.022316221797085114,0.048228741626154634,,0.031534454604983546
2025-05-02,0.004185273375076318,0.002259765207380568,-0.0014017320465677492,-0.009725283029555925,-0.00926130435226323,,-0.018730897476147878,0.004471563386534907,,-0.006186918467168296
2025-05-03,-0.011084440289744256,-0.004868095368255312,-0.01014175188793752,-0.016614532855988216,0.0020020026706729687,,-0.009089738341206204,-0.03241166978398993,,-0.028500234303867052
2025-05-04,-0.016712613030315623,-0.0137415249754429,-0.014503350518843338,-0.017482962780347455,-0.034443570462510356,,-0.019125514169941973,-0.03020819375153199,,-0.02782008592931799
2025-05-05,0.004882803703990715,0.006144708861821236,-0.012084598248859907,-0.021271077075041347,-0.020918139089960534,,0.018648398664861572,0.0002345353279588616,,-0.015927030250773876
2025-05-06,0.021978702485552656,-0.0016991049421901103,0.011527908681690442,0.09524466546212,0.02475521581666762,,0.00143066414019808,0.009626959615237574,,0.012964493310364504
2025-05-07,0.0022604737515340067,-0.003147386714084004,-0.013172220907664709,-0.02230411549839522,-0.010810916104215617,,0.0032624238818482827,-0.0010457213524836734,,0.0002894146608726605
2025-05-08,0.061874997776505215,0.1976024821629081,0.08991840696271837,0.058757551390421804,0.13581808526150332,,0.10966014140989433,0.1412973117209085,,0.13929317442400974
2025-05-09,-0.0025846544494844918,0.060734155847848366,0.007364623310040348,0.05678984729635284,0.01034536577128499,,0.049528283734889426,0.03549671240822903,,0.008148471813116483
2025-05-10,0.017653567831659805,0.09685212191460223,0.05276186271237073,0.04616727715967839,0.07876528373677413,,0.02914294807672886,0.19949661459926332,,0.07900974651471156
2025-05-11,-0.006542652481831749,-0.027071882484561615,-0.04261767861141647,-0.04985456022521868,-0.04325261155559427,,-0.02665761315583465,-0.077797650172404,,-0.013180623391546253
2025-05-12,-0.012925897802479267,-0.007567961846201503,0.0718098460318677,0.03598603896357415,0.01442243797330804,,0.005698677099896564,-0.0038022859497385706,,-0.022042552959999115
2025-05-13,0.012862902252671459,0.07115067818758138,0.015018518716548052,-0.0036665421238105296,0.01578468907032812,,0.053311689990096806,0.04171510207445347,,0.038448242496341115
2025-05-14,-0.005640327354416685,-0.02630302917298657,-0.012467046311195346,-0.024066902153086517,-0.038310393972993545,,-0.03923377375228404,-0.03391014233505755,,-0.02173872295148799
2025-05-15,0.002325259289538743,-0.023830634517631104,-0.06683062380991737,-0.016775231123198342,-0.04676442914800394,,-0.04337444085785374,-0.05937170231022006,,-0.058625065088346535
2025-05-16,-0.0027633274478741326,-0.0042541042284710414,-0.002055844144336501,0.001911373249279936,-0.004469574944362332,,-0.01015840261976241,0.0080354535187626,,-0.01760055491556928
2025-05-17,-0.0032803493638001303,-0.02469546915192539,-0.011319600508482455,-0.034664275329354156,-0.021036589896001195,,-0.00869544623124758,-0.0299708060761589,,-0.028299528239479458
2025-05-18,0.031604199018944,0.008897703619920969,0.031113992641338205,0.04962714800606653,0.02248481607236609,,0.04337489763688634,0.08280929778377584,,0.035062075736848594
2025-05-19,-0.008084172983406175,0.01212280733297916,-0.019878393980945878,-0.027401724466923984,-0.023157808896743945,,-0.03826840130411917,-0.03771558463323954,,-0.005431706653268272
2025-05-20,0.011925444467930122,-0.0014484267713035476,-0.010089369416430596,-0.03880154793704253,0.004567444802217825,,0.010491274100535127,0.008470680624349648,,-0.005397695276940779
2025-05-21,0.02600815031794089,0.01051069600088961,0.01637000807488858,0.027235992480305917,0.030751350840726034,,0.02904513890085965,0.03348192646109154,,0.025088555346880384
2025-05-22,0.01827321270296408,0.043578827862000714,0.0147500188244629,0.03161357491775862,0.050558686183461474,,0.0345886799481021,0.047782976426915674,,0.03885284390037437
2025-05-23,-0.04011381988741463,-0.053309645476467604,-0.056863299432595264,-0.050632074885822886,-0.07956915945027282,,-0.03217238605587648,-0.08657841167004876,,-0.07476062068889565
2025-05-24,0.0043175242347360445,0.0015697876497873739,0.014822128194207883,0.0033518414119168335,-0.0005353319185661638,,0.011028998334436328,-4.439807313085867e-05,,-0.012370223477269578
2025-05-25,0.011572296966827026,0.008392218923497785,0.005006107624489476,0.0005227118408705129,0.017647907101573698,,-0.0009097112294424096,-0.0009328151703611035,,0.012627656867801876
2025-05-26,0.003804263373586647,0.00469058679195574,-0.013708557858470286,-0.0063958278313826795,0.00013151837988319555,,-0.0047324545945483035,0.004566926597688387,,0.0001286918475492064
2025-05-27,-0.004448403386870744,0.0373994098929161,0.00302428295832241,0.009109533702978808,-0.002238168270244799,,0.010404619547014765,0.0003538413942884432,,0.023527504764620677
2025-05-28,-0.01069366306920615,0.007529693896444664,-0.018811789232648167,-0.005644417619676958,-0.01433716314640733,,-0.02589809001763325,-0.02294735361714981,,-0.014049974806729914
2025-05-29,-0.021057906488691568,-0.01900001452804455,-0.013453316153012798,-0.023116287509645988,-0.034828714140820755,,-0.03286528422597025,-0.027850307798568383,,-0.04177847474621198
2025-05-30,-0.014688022757892856,-0.03863661820574993,-0.04730318828807747,-0.08434286480510152,-0.04676397516519501,,-0.0646065057730698,-0.10410508108938142,,-0.07935625186208313
2025-05-31,0.005871327524205925,-0.0010392690488388403,0.015986995111747383,0.016437457718963724,-0.0043617399770171485,,0.0015984147132616232,-0.005643735693682123,,0.0053096199936128645
2025-06-01,0.01000342033581869,0.004367137869895717,0.0024334822266247115,0.01526747213078838,-0.000874635624270289,,0.007827205954193672,0.005901860162733789,,0.00713066341409816
2025-06-02,0.0019564957341870067,0.026764477536460437,0.007674774994499063,0.012807724789908579,0.006251383300986293,,-0.005466231115338259,0.0076104650761478635,,0.0009942476495477166
2025-06-03,-0.004325665894108201,-0.005480076431542543,0.021920535637968683,-0.0003349522724332299,-0.00844132504780066,,-0.01031432315788918,-0.010194712948093201,,0.002552106872235017
2025-06-04,-0.006607407821432592,0.00539575875314162,-0.01978392839260279,-0.01711946303390603,-0.027411153936846462,,-0.01270187513279974,-0.026375962075629766,,-0.02016802964646841
2025-06-05,-0.030858640549940645,-0.07715377205331685,-0.04981016559818005,-0.05115579091238196,-0.061488747506559346,,-0.06028228167371008,-0.09502329216137058,,-0.07110048446648023
2025-06-06,0.027460237354805208,0.025708566872817314,0.031201140193720084,0.0434011620196326,0.046657967199591414,,0.02463178718966542,0.04468038219196559,,0.052138422738408415
2025-06-07,0.01162804630037491,0.019143815169773086,0.0076045993852192125,0.01183580449279118,0.0134779052415485,,0.014692827465086034,0.034381990560248675,,0.01809475898506717
2025-06-08,0.001564591847537631,-0.006098984146227456,0.040535452093484386,-0.013325178658236266,0.00868659049088978,,0.015726503582502393,-0.005305052229693229,,-0.007184095337052145
2025-06-09,0.04181129177816378,0.06570456015697271,0.023357199358132866,0.04033574928711652,0.05030861649158712,,0.05553264023712336,0.05670901968506577,,0.044720872972625
2025-06-10,-8.250174670142042e-06,0.04919695735480167,-0.006178326451333765,0.027586458285994667,0.016454910335111213,,0.023960213587833516,0.01799194701149212,,0.07310262181397345
2025-06-11,-0.014896132451266005,-0.01578521528056354,-0.015945120822565977,-0.019033774572835366,-0.026430766187890795,,-0.025387676979951524,-0.02845730867016696,,-0.0362525693721288
2025-06-12,-0.027505948107435722,-0.047492487908905756,-0.035726889721754966,-0.0608839632272042,-0.05369331365292197,,-0.055023450555077784,-0.06271597072006102,,-0.06374231069914733
2025-06-13,0.0037542573294638733,-0.024346485193220673,-0.01972595991756402,0.004861683380697384,-0.029601118385461853,,-0.024781205004621908,-0.004146974509065553,,-0.03828253555153148
2025-06-14,-0.006175152236682612,-0.018873135099436326,-0.003637215481029018,-0.016063667496623437,-0.02729952569478519,,-0.026860978210107758,-0.01181598855041823,,-0.022172190839599707
2025-06-15,0.0012681422990903888,0.006322855710444808,0.011703644644003787,0.01282517287811327,0.01334836282342699,,0.05557171869224789,-0.015880077144834567,,0.010583709316457163
2025-06-16,0.011806345421184129,-0.0010837768323687137,0.03323952940447581,0.0046232167414570185,-0.00474684435621945,,-0.014617062988460437,-0.015789046244485967,,0.020321515118970325
2025-06-17,-0.02140546273492313,-0.013675136023780397,-0.036013712800095306,-0.028777281140465565,-0.0345306975625353,,-0.02118183624192168,-0.019931107771664697,,-0.043524412198634246
2025-06-18,0.003104065745144422,0.005893302523574554,0.005080138390590175,0.01027224334509515,-0.008077188889867408,,-0.00816275534351473,0.007996749852609042,,0.009803249222979461
2025-06-19,-0.0023255214154325214,-0.0015930069585539557,-0.002721592195865069,0.0,-0.0034817244821695025,,0.004293753401986033,0.0013460921471879815,,-0.003664965543855633
2025-06-20,-0.013021021059319734,-0.04639764795612309,-0.021005253251177775,-0.02582093597469385,-0.04154195689178558,,-0.04799138099657955,-0.05154574112109132,,-0.04410064934711871
2025-06-21,-0.01126916954961624,-0.046738431927717136,-0.02633554833780275,-0.032464417720900945,-0.03739412752932867,,-0.03403688382403965,-0.04928908779827132,,-0.03871240843444423
2025-06-22,-0.011450979119202863,-0.030415050455844826,-0.022728251077556064,-0.0007473841902455826,-0.02603697378299532,,-0.027694307917372797,-0.02118280041234942,,-0.03157179587581377
2025-06-23,0.04285705876997681,0.07956002269275823,0.06775680598335977,0.057033795483503284,0.07222198788273594,,0.0929200651706501,0.0796054914122948,,0.09608954232526407
2025-06-24,0.006821813842092088,0.015164175281454492,0.014159203131246084,-0.0008242567437522406,0.008544139469576315,,0.009567474983451155,0.011708101834611127,,0.0443433658930857
2025-06-25,0.011793831615683047,-0.012230232364643462,-0.001690385764686088,-0.001768555551463321,-0.03532834928608325,,-0.01608984059818762,-0.006838357611577494,,-0.020631708405729265
2025-06-26,-0.0034564250421028684,-0.0011121471164862195,-0.037645365730270997,-0.004850071611862901,-0.022460837271332718,,-0.03189916492980342,-0.028143117887740775,,-0.015101279658456784
2025-06-27,0.0007820941748971786,0.002808990611054952,0.017368002994133293,0.00650082071917747,0.007722046093910539,,0.02154290415211126,0.006288349956289042,,0.008383697145240884
2025-06-28,0.0022271182043603773,0.0052990282966070565,0.020002976673228073,0.01728611134087903,0.01226791099337884,,0.05899724172498701,0.016008222653950053,,0.02608153281634007
2025-06-29,0.009587971102981952,0.02576609244228018,0.009241831275176799,0.0186985660108628,0.020117883080356763,,0.016636911758154918,0.03445925914611569,,0.02279616253613169
2025-06-30,-0.011256678241538306,-0.005831364632703566,0.013771594789995522,-0.022527099024212505,-0.00869721954653888,,0.009992945397518486,-0.025460049683440265,,-0.02458867926077372
2025-07-01,-0.013729976529110883,-0.03305237832085972,-0.029483267616145635,-0.032727830866427284,-0.05401869383528086,,-0.052762402576800385,-0.04557499937251783,,-0.03638702533045031
2025-07-02,0.029606435665668722,0.06666254014872484,0.02809670807386334,0.0480692702297655,0.0742528471992487,,0.03609535009158856,0.06695497953403297,,0.04997449352925054
2025-07-03,0.006777617543302726,0.008134440565006548,0.01028618665278408,0.019834049628033583,0.026023773421305293,,0.00045945325871421923,0.019364529516673338,,0.008006212658266402
2025-07-04,-0.014704380486476884,-0.03267538037937829,-0.01616684014506891,-0.02545881335279924,-0.04608323903917431,,-0.030989052201177526,-0.054457965481495674,,-0.036961214922825884
2025-07-05,0.002016412639736961,0.0032671379550457008,-0.001216353342894877,0.008025725262303742,0.0055739562533692,,-0.0008803115516862672,0.0081897536346748,,0.004468858033645341
2025-07-06,0.00893328225028407,0.021161004623905657,0.023610166155977545,-0.0022864992241297235,0.017562434868979106,,0.02864874905282168,0.045686884077862734,,0.01982930024580939
2025-07-07,-0.008719072237100419,-0.011132043566286573,-0.00044035405176766324,-0.015107246899549693,-0.009431605540710111,,-0.019947469911763896,-0.02371327024069101,,-0.004604196459690291
2025-07-08,0.006336224452140879,0.028744540413263426,0.017897374135562718,0.020130661961450608,0.013859405690298546,,0.018761777130734892,0.01799830250508443,,0.039263654030856285
2025-07-09,0.021112304371559608,0.05694075587488349,0.03953016799946781,0.0317202273478467,0.05761144063290525,,0.03490948013880783,0.05456881761883153,,0.01984051477458316
2025-07-10,0.04178482393725403,0.06343269770691236,0.05780742181596378,0.0455065037296848,0.08336877600460788,,0.04505210315072219,0.0773383547497325,,0.06702175403081857
2025-07-11,0.013277340980886867,0.0026732826553934517,0.07035526417392758,-0.005920930810023837,0.04572142487019659,,-0.008432165322331018,0.030240321408910368,,0.003079042034259409
2025-07-12,-0.0009317827439756357,-0.004997054519600968,0.002448160535805101,-0.016034549847256916,-0.00014099400798827077,,-0.013653565206897145,-0.018165894968757753,,-0.011579076738763525
2025-07-13,0.014016592550475809,0.009804480550438442,0.03485847965750012,0.020056144853628458,0.03845031798928374,,0.0028573222744544408,0.005706077541853977,,0.036195107923062915
2025-07-14,0.006133214246210654,0.013744577929050863,0.041998477676204196,0.010192911240478678,-0.002309312987160111,,0.006368463728744445,-0.005604801463177151,,0.005854296071132589
2025-07-15,-0.017522945644190317,0.0401449102519542,-0.013404752822732438,0.007603015325924596,0.015518832465390951,,0.010910982340195094,0.008621395002602816,,0.021839587822424702
2025-07-16,0.007612549350208199,0.07224929103577543,0.040114798358979555,0.011758773960829503,0.02368618838261189,,0.05733790418943759,0.06594942293772212,,0.03501211485770787
2025-07-17,0.00497581728415871,0.03112806756350318,0.1367918410523481,0.04157642684574041,0.07262169192667033,,0.01303993312828754,0.02629838730922504,,0.07614817380194892
2025-07-18,-0.010540823946889114,0.019888441771815882,-0.019941533803713773,0.0013761920976658668,-0.006955913091374491,,0.007641618709741362,0.07718990027432822,,-0.008983182183893866
2025-07-19,-0.0009229574522335194,0.012494615911819525,0.0031859727351012043,0.10623439697359556,0.017721060899542406,,-0.001693098209066784,0.02316382443106707,,0.030849782472645713
2025-07-20,-0.005113967726870897,0.04469729030853739,0.008369465611256543,0.02984776717033002,0.03219975153147118,,0.02499014472879212,0.12570614680124753,,0.0470781299146326
2025-07-21,0.000989088119566611,0.0013692531734430362,0.027318409988376518,-0.009908322133351972,0.03570173217982899,,0.07588109545715865,-0.008360271633438993,,0.010931324690831247
2025-07-22,0.02187977790258599,-0.0040280285601037675,0.0002534033490956655,0.03580466643693141,0.015946811308047364,,0.049657887471204296,-0.002507006179599258,,0.008476790788263284
2025-07-23,-0.010182603360280026,-0.03206146445128799,-0.10874137957197601,-0.06541888626733992,-0.10181430386867553,,-0.0825685707184261,-0.117492380226347,,-0.07823918905424344
2025-07-24,-0.003485559717908859,0.021328139108730694,-0.012411534841857757,0.0014260251970942734,-0.012448549244713343,,-0.03506870296699747,-0.03644299117075439,,-0.014734659756936554
2025-07-25,-0.006471818520576493,0.004637882854022107,-0.0012719411534209406,0.013534639800116648,0.0118359167437782,,0.020824507837944508,0.019317062289542188,,0.02032769950567025
2025-07-26,0.0028553148414012393,0.004611128951168547,0.0077337944902544095,0.0012293643978948535,0.0050125418235441935,,-0.010060609402977809,-0.005420526527017773,,0.006866137813199268
2025-07-27,0.012600575714092009,0.034363455564794546,0.022725412994454363,0.007867173443413986,0.014888612493750777,,0.020179996991511896,0.0220481372217626,,0.043516308807575795
2025-07-28,-0.011745128230126828,-0.019407962909858006,-0.03649110858241516,-0.05172873963719168,-0.04811755610640858,,-0.03001516198814716,-0.06256055475438277,,-0.05977682967935614
2025-07-29,-0.0011626923872740142,-0.001596236803187613,0.0012796316407496025,-0.005148016517401244,-0.01319816112371965,,-0.009161039411374363,-0.010043636112446347,,-0.016641541695421744
2025-07-30,-0.0008757928100237603,0.004481953466884617,-0.010154002604712267,0.018446327074701428,-0.025226096717496607,,-0.020600917850163106,-0.017663686393773817,,-0.0064185795497034995
2025-07-31,-0.01771533689363385,-0.02993360609829825,-0.02415663249275212,-0.041002973617663425,-0.03221790901358357,,-0.031835807593225365,-0.04752715340224218,,-0.04470340660370464
2025-08-01,-0.021942293679029105,-0.05894424502077224,-0.020997093695849314,0.004608519795312407,-0.03469033328242623,,-0.05693638555946535,-0.04305720113354581,,-0.052444203577222064
2025-08-02,-0.006253489564596847,-0.027211277737655196,-0.06660399465318582,-0.004608519795312365,-0.023670582862548882,,-0.026159937201533284,-0.050790471234521184,,-0.027003091706448618
2025-08-03,0.01475596793448791,0.030338562386112575,0.06288035201750923,0.03991660740544263,0.04199170601014522,,0.022217588865249313,0.040132643499107154,,0.041893237379345936
2025-08-04,0.007293867775205954,0.061963410344888926,0.040737883270868754,0.09333193979221913,0.03765372959301361,,0.04554603651669072,0.05676148971712486,,0.048129949663382875
2025-08-05,-0.008194148957070421,-0.029814931060284284,-0.03637246796956815,-0.007869164649343485,-0.03971885044809778,,-0.03297265489224502,-0.051593519558682285,,-0.043602009479178826
2025-08-06,0.007994045236264308,0.01980224725390436,0.009945315988272594,-0.0084346401759999,0.02140650286174707,,0.02450379968035978,0.027298879097695152,,0.01778954156349824
2025-08-07,0.02138736208614503,0.05991985805084049,0.10456450503353655,0.03047681886937908,0.06071190504660445,,0.042329125148538094,0.07949190140290142,,0.10251371818199675
2025-08-08,-0.007102528208616257,0.025175900634209804,-0.01044340589987117,0.006971493864469233,0.004433473599223805,,0.00811927810235367,0.03543556083300265,,0.07405384055980371
2025-08-09,-0.00164064738059636,0.060805871613464915,-0.018302368711292427,-0.029263183932702982,0.01467939288213597,,0.017489235014929154,0.04095395316877338,,0.0986222719574206
2025-08-10,0.023892888418233487,-0.002478164655570797,-0.012160289531335931,0.029101606940914945,-0.0017452011410306386,,0.015110859410989313,-0.02561807924583139,,0.005269386227342139
2025-08-11,-0.005105064752516787,-0.006472117434335841,-0.01829859845429607,-0.030266817226724474,-0.036205923462185687,,-0.043688258522861206,-0.051896471438296954,,-0.0463646919140597
2025-08-12,0.011819662187334235,0.08295770362837515,0.042840467869049936,0.08252514634360394,0.08431261138552594,,0.09193092746920031,0.05977404842307652,,0.11304729741872567
2025-08-13,0.026718082607902944,0.03459805929975749,0.002751117465453452,0.004055869344135029,0.0727906448624017,,0.050296605295495525,0.03807487306356054,,0.016394498940591185
2025-08-14,-0.04117006193089714,-0.04319504435354778,-0.06127350899772607,-0.07589547189467517,0.02392380198338106,,-0.04571731852966444,-0.0894195122953744,,-0.06529486669005564
2025-08-15,-0.008080806650923424,-0.024026108021758384,-0.0003895345111904954,-0.017957087388360007,0.020936462233147407,,-0.03567371696693782,0.02229722167081412,,-0.03169701323748622
2025-08-16,0.00015939196766325464,-0.003931130304874819,0.008792402129385648,0.01581257980304887,-0.026022778052259717,,0.020555598880187643,0.00981976172289733,,0.039808939632130835
2025-08-17,0.00028023666050049583,0.011311717585306798,-0.005745101816855164,-0.002480160001486625,0.04196271286269546,,0.007509159133040941,0.014593786349568528,,0.12461243780372354
2025-08-18,-0.010282098064963347,-0.036428305892622984,-0.00877797502151555,-0.025145906273444544,-0.03979516026374951,,-0.043463023655189635,-0.05230750691160426,,0.005247927455663321
2025-08-19,-0.029944856203649527,-0.0570939404981878,-0.06834233302103435,-0.04478749037977451,-0.0873952824945294,,-0.037975722985153136,-0.0615258224956351,,-0.09076870890486119
2025-08-20,0.012502221667772628,0.06195768910874561,0.031355278044865126,0.029907790502277643,0.040179065768649186,,0.06460946073253594,0.05702576990118425,,0.11656523293150096
2025-08-21,-0.01583847980028621,-0.026162476397473766,-0.03457713339708655,-0.01135046626736709,-0.03405419385335968,,-0.04177344722066871,-0.032266777242975844,,-0.0643722839166748
2025-08-22,0.03861502201889976,0.13421882302856222,0.0747266329357091,0.0687720965660856,0.08903492710311979,,0.10695684444139275,0.11344679433175116,,0.07579325109807816
2025-08-23,-0.013128547610623958,-0.011346951512265238,-0.008039784465661904,-0.012441840123365832,-0.01864957011786936,,0.017001496791819875,-0.01774710420471204,,-0.018397563310814786
2025-08-24,-0.01665558407352646,0.0006571374993189223,-0.0073113222541374145,-0.026879748531734717,-0.005597336679271993,,0.009365008450496579,-0.01893016682206506,,-0.01773490880294985
2025-08-25,-0.029968020770297987,-0.08804522194275986,-0.05660830375546531,-0.07929560267053756,-0.08172252411491662,,-0.09554809527747854,-0.1010034186887833,,-0.09871255310686626
2025-08-26,0.014963345125258716,0.05004463415735674,0.052467922557064096,0.038804940567845725,0.034279679945274526,,0.045220192446474676,0.041459378443501005,,0.04140832283132447
2025-08-27,-0.004795535326665843,-0.02079211190243706,-0.014745732367029573,-0.011787259264325308,-0.018872880763914017,,0.035409918122225645,0.0020582256219772374,,-0.02516848660760593
2025-08-28,0.011809559179043857,0.0009647105230763261,-0.0009099028379809026,0.013195958211843278,0.008665159604629064,,0.05512225279226192,0.024908787126521573,,0.05729392880871887
2025-08-29,-0.0379902647388322,-0.034067432447537384,-0.050654679450640616,-0.03345870739493623,-0.036933485918743875,,-0.04448567970280449,-0.047645441238833866,,-0.07212408069638468
2025-08-30,0.004139942033525994,0.003292587332774642,-0.0003192564898262211,0.008515315517619295,-0.005337227613853872,,-0.011573295124081326,0.0094439072713364,,0.003706943037786269
2025-08-31,-0.005343581977466909,0.003953696992708101,-0.015337340134873543,-0.017746290904063558,-0.013222523691431233,,-0.010461954262144054,-0.010519553347221398,,-0.013487391625784578
2025-09-01,0.009127902319684486,-0.01772250913592041,-0.0059621849999060075,-0.0016541080779368846,-0.012151420441746557,,-0.016635639326572,-0.013994809630718218,,-0.029884314306149462
2025-09-02,0.01820907264235547,0.002733377235461017,0.03668471480327883,0.027575443387862067,0.04070222686935444,,0.060564997568428,0.019268418865876987,,0.042180165725423366
2025-09-03,0.0045601880066390744,0.028668196343402008,-0.005992133566549739,0.011475462849624585,0.0023926318388734825,,0.005660347597936699,0.025414386824406575,,0.009197513287298524
2025-09-04,-0.009309965068105462,-0.03520739556996488,-0.018015949366737945,-0.017667988808546028,-0.03353491253717215,,-0.04120151917019243,-0.03693082888596567,,-0.06043478244106908
2025-09-05,-0.00045864596538559073,0.0021566307298417045,0.006989544181712103,0.008694537808337295,0.025737835909968067,,0.00517637774927428,0.025429629587751506,,-0.000851922481746056
2025-09-06,-0.004141753243295271,-0.007807259586830085,-0.0014580631683941637,0.0007137122258533788,-0.014556297774207487,,-0.0158100183201112,-0.008713547213364795,,-0.004495804002849743
2025-09-07,0.00828595003716501,0.007321958510688163,0.02356443001260035,0.02457732163829959,0.019960742562537933,,0.030308331881357117,0.05758021369702912,,0.011780915218989354
2025-09-08,0.008449430109015815,6.503007643308872e-05,0.03157923072485115,-0.018974567865176963,0.035417549731924576,,0.03715141038915019,0.054858360552046764,,0.026238073757877556
2025-09-09,-0.004679782958161836,0.0009494218873595977,-0.007504852505697054,-0.007387990344735621,0.00011560025444921074,,0.014418088944224758,-0.004437539682106387,,-0.00013014337480144242
2025-09-10,0.021590999533477626,0.009254182416131575,0.01234292134331348,0.05009540039200585,0.022968500990565893,,0.031176063618277183,0.019917534276660844,,0.022266519791593196
2025-09-11,0.013558965880792043,0.0250872641697275,0.018891350479156258,-0.015500203284211119,0.009892166996619647,,0.02079591047576916,0.04267335389271228,,0.03743385214606778
2025-09-12,0.004887034986492143,0.05541369392870853,0.021539094007534603,0.019232183866750904,0.026055790641646835,,0.05735745697713728,0.07344681694926386,,0.027372463756257976
2025-09-13,-0.0011865162897549384,-0.009731887210228827,0.004592393703080168,0.010024091011986907,0.013207943441323448,,0.0005774863007495729,0.04905789369512043,,-0.009951126176982105
2025-09-14,-0.005657339413560429,-0.01360031227417977,-0.02992093124354212,-0.03548952162101467,-0.045547417236211966,,-0.010946290573962842,-0.04038888509723991,,-0.032409677131594095
2025-09-15,0.0005804195230543074,-0.017824268859670426,-0.010453924125567927,-0.0120567597150691,-0.028428194433538976,,-0.023239695434859948,-0.03547159093888583,,-0.02253037342204199
2025-09-16,0.012501409509729066,-0.004843118006708176,0.013486626871892967,0.01153556442877469,0.019496030349527516,,0.011286609969097326,0.006129632654870245,,-0.0032300593343299725
2025-09-17,-0.0029844402088758993,0.019675462389690142,0.01541607380427681,0.01697219288267506,0.03701236206831414,,0.032788461779723985,0.04557347490086953,,0.02135312447056906
2025-09-18,0.005424529720285191,-0.0006033826641936247,-0.003669133104057185,0.010198966529608965,0.011967070579017997,,0.010762180753624343,-0.01396830008850898,,0.02623829428259964
2025-09-19,-0.012262934066801335,-0.02613719932189458,-0.027404395843833865,-0.03572269494609562,-0.03813554461870711,,-0.03657113219570839,-0.04875069315281493,,-0.04788944962285729
2025-09-20,0.000534472978955229,0.0026112154077930863,-0.004758881597535382,-0.0010521701979011337,0.003924431790105096,,0.0038055456277325864,0.008814926074391783,,-0.005979346421509668
2025-09-21,-0.004069784408568904,-0.007986855032851946,-0.001647419136353167,0.0007892314172986834,-0.010122682320764506,,-0.013742887919842314,-0.02602954053701456,,-0.016325130426432296
2025-09-22,-0.02232960707314496,-0.056575907795267416,-0.04016466268908517,-0.07563303132602431,-0.06805664762879761,,-0.06897473566780138,-0.07747786752694172,,-0.057855338687391976
2025-09-23,-0.006401515406146753,-0.008898657005893072,-0.010528451626432855,0.003020865131218798,-0.024623036114452403,,-0.03342326001181493,-0.01797031098961429,,-0.007176787373021956
2025-09-24,0.011811711933823865,-0.002714240843942231,0.03529880515073414,-0.004913550469576742,0.008275227856834261,,-0.007718048571647316,0.01697578082310585,,0.004404782826011429
2025-09-25,-0.038788697171465325,-0.06932136032945384,-0.06420826074133171,-0.03087822871001532,-0.062163320381290056,,-0.09337507595563375,-0.0785443835136049,,-0.06993512155046581
2025-09-26,0.0060491282714357645,0.040099076725777616,0.014433501304567697,0.021934306101367745,0.0364985256578754,,0.06262408604112306,0.04210917364273909,,0.045014631968727
2025-09-27,-0.00014705181870921705,-0.0034564048603681805,0.007656292990160495,-0.0009562058483401519,-0.013979132203425674,,-0.008316666496936364,-0.007423106029166615,,-0.00742683727932375
2025-09-28,0.022684614964688675,0.030111540503878584,0.022170262178393383,0.022419706486383882,0.03446448508529145,,0.03537586880304104,0.027978333222569755,,0.03530385878784643
2025-09-29,0.019133473769952506,0.01770275283676742,0.004278490621463055,-0.0006550320732035442,-0.003095786015285271,,0.009251021750488407,-0.010586590510700614,,0.002763832428663113
2025-09-30,-0.002603480708518195,-0.017041654810942924,-0.011836523730689465,0.0005614823280582457,0.001115587348422838,,-0.019498233882255606,-0.008507778813551012,,-0.019368478946758683
2025-10-01,0.03946978856128276,0.048153776138773204,0.03540253789349388,0.07452219745812082,0.05307564954798066,,0.06226337099001185,0.06760367406198203,,0.057767926951628586
2025-10-02,0.016394043414484836,0.030998147213544047,0.030186939348756648,0.03824834861040722,0.02322445303137081,,0.05567934020601501,0.05085178441630128,,0.00885839070928237
2025-10-03,0.013971429668764126,0.00630876275230531,0.000526160030554312,0.00832297771665841,-0.006102143164995196,,-0.008079556616301635,-0.01490844487957962,,-0.011961917917704632
2025-10-04,0.0011452059484543023,-0.005747359228788266,-0.023989306034762445,-0.0008291874438607812,-0.030843840507277575,,-0.02178243800483208,-0.02890556256759694,,-0.021953250841061613
2025-10-05,0.008636794942425833,0.005638847598560175,0.0002693602709889491,-0.013950023657731054,-0.0025043242472564463,,0.0031534714289716786,0.007542412001328723,,-0.0010899678630299763
2025-10-06,0.009662464384279486,0.0371538497513066,0.006242259421067501,-0.004130321545904124,0.03990933937124333,,0.01635150174082318,0.05114893531685353,,0.060092563983368534
2025-10-07,-0.027030904237455366,-0.05178847492512143,-0.04649771188005469,-0.012066767760929279,-0.06053857687223928,,-0.054820354879493174,-0.07479902421397132,,-0.06908456833722904
2025-10-08,0.015930077014998323,0.01726658396255696,0.009383844345528443,0.01417620616706106,0.022776184890556384,,0.04047837720837927,0.03481899531050701,,0.03717297906673977
2025-10-09,-0.01329289864791519,-0.03515679775094737,-0.02699204952045422,0.05987069840314715,-0.028521570782247267,,-0.036034731554128986,-0.02799881511785829,,-0.028180974712879312
2025-10-10,-0.07446493028651832,-0.13049967807031587,-0.16587763490982524,-0.2385240083066737,-0.2145378037972951,,-0.1575042586069804,-0.23447886993872002,,-0.23650086989482255
2025-10-11,-0.019767331493902356,-0.022553432305529694,0.003992189026639242,-0.05990685065387016,-0.039986731173922735,,-0.060022377611377575,-0.05852622500197565,,-0.009078617882088361
2025-10-12,0.038077125434372076,0.10268777413188078,0.059548423948882864,0.05930201192575372,0.10270043428686473,,0.10344663947554204,0.11140721445380329,,0.0994470445897359
2025-10-13,0.0017890792475109187,0.02106518869044247,0.029819258816869827,0.00402536520195906,0.03958835719020283,,0.057493606698690754,0.03161455620965933,,0.04352986843643145
2025-10-14,-0.01932275576383353,-0.028265857283931085,-0.04018616198159205,-0.022137378426884943,-0.04187407247105877,,-0.030725279218526167,-0.045699296091398424,,-0.03823232910074281
2025-10-15,-0.02022544989554333,-0.03423094112844338,-0.03754839190771893,-0.01875994282309569,-0.04445176257083392,,-0.04343793677229948,-0.040730289260894295,,-0.056936880830624294
2025-10-16,-0.023801075784205112,-0.023501419084737057,-0.035485212408072564,-0.040024551524581294,-0.03576973682869781,,-0.04784186691027491,-0.04044210167093607,,-0.03528120224296878
2025-10-17,-0.0161625571312245,-0.01602539503639653,-0.014754827095851443,-0.01835317189390998,-0.03260388009281577,,-0.015425591344682762,-0.02009337031641623,,-0.04848330441770261
2025-10-18,0.006979036032462126,0.014866802634939374,0.0284057514733593,0.016936509530898473,0.015410583790873218,,0.03019056387784067,0.026228034433826448,,0.012506520909979342
2025-10-19,0.013598794998323454,0.023746748791970484,0.013090789910338935,0.01794060871588128,0.02905510063657976,,0.0016508244556357032,0.02986536851996618,,0.027797485560603897
2025-10-20,0.017253103101312773,-0.0008713875325215987,0.042692030134644066,0.007044537617683793,0.01474526981775005,,0.009795434793909338,0.023566198053166506,,0.07625389572399867
2025-10-21,-0.020151293267036574,-0.0269526524608883,-0.029440200523603705,-0.01651512067191705,-0.0300221659533636,,-0.021731880543866558,-0.02921100187544659,,-0.05768815503592995
2025-10-22,-0.007189623846555907,-0.017824391364598336,-0.02439552895914503,-0.006400195411273819,-0.030470428967114598,,-0.030340972253636113,-0.022903353832559134,,-0.023842797788912306
2025-10-23,0.023244286203967082,0.013644883975740043,0.01294026963642485,0.02355327463752311,0.030314920063916534,0.04961407986518057,0.06067686159703963,0.026294058339767393,,0.013628437533259022
2025-10-24,0.008375050806735604,0.01993520385419101,0.046967706053069415,0.025190248828558495,0.020168492113212526,-0.016248015751587814,0.011426914966941629,0.01430887259219265,,0.025929894782110337
2025-10-25,0.005604474745181721,0.004668843122610221,0.033562956840996756,0.005375245524507458,-0.002747254475138807,0.007481656425679897,0.0012387098358092694,-0.006339888859037172,,0.007017181834952185
2025-10-26,0.025480581222626808,0.05036974716461589,0.018809092743906065,0.030759162493706586,0.04043677590392953,0.018001567949678155,0.03147947396120844,0.04608744015008804,,0.02915084320855345
2025-10-27,-0.004032893672368776,-0.009351540747019474,-0.004469873725053359,-0.00631802733456098,-0.021212691863998778,0.0012822879175577234,-0.006971815073174728,-0.026787755678714546,,-0.018606706213713856
2025-10-28,-0.010399584355696306,-0.03453280351756185,-0.011454878974766367,-0.028055908008188492,-0.03199054213302186,-0.03228906465531677,-0.02275544240178974,-0.03400997766601361,,-0.021481135697802526
2025-10-29,-0.025789842739654827,-0.019291734647120657,-0.02072009873566032,0.01946782794438914,-0.009175089634644204,0.004152292663737215,-0.0013396539513839858,-0.006527167806715649,,0.0175194269836621
2025-10-30,-0.015791731964040337,-0.02599449445397956,-0.04469950680736903,-0.053672688363932214,-0.062031641512327554,-0.026306475215747978,-0.04902994542819492,-0.05194726564433251,,-0.07651125808272075
2025-10-31,0.011448488684924787,0.010920641198870302,0.02797611403869151,0.020662986811630965,0.012389685206808805,0.00894086478596734,0.013286551389985697,0.020160006455119863,,0.025270193471377378
2025-11-01,0.00452608224348044,0.00683344738288978,-0.0015959784738654838,0.0607294930870463,0.005729736556236006,0.004801797984288619,-0.0047134527542551305,0.004816964998050387,,-0.00541155200359755
2025-11-02,0.004386097207000552,0.008693661058803764,0.008746527353799669,-0.019031112909420715,-0.0034339008479155396,-0.00959907430765486,0.0075415542096694994,-0.00503159181649514,,0.025575957751966732
2025-11-03,-0.036652100066681355,-0.08077262630081186,-0.08994125134956071,-0.12864301963165722,-0.09964388106144326,-0.08642167346422418,-0.12263707379719654,-0.10765871541878509,,-0.14281214488269722
2025-11-04,-0.048944294020910564,-0.09199860057324315,-0.04617772853515591,-0.025608258757126492,-0.05984452443429261,-0.05936940980398895,-0.06868742879702514,-0.03107611844445914,,-0.03722572225028586
2025-11-05,0.0233855336394511,0.041042406535829454,0.06079535768845609,0.0478955096700353,0.04617937601521177,0.023398620091672328,0.046393899839895544,0.030239098187531684,,0.02720388060699469
2025-11-06,-0.025137863766511705,-0.03278437094930844,-0.057670708933119944,-0.027448700692351512,-0.025266066288232667,-0.008927508054831345,-0.045039890799736616,-0.034130514197992165,,-0.02387292344675541
2025-11-07,0.019492463595217568,0.035648348641874404,0.045345815410940654,0.15785651337062004,0.08040446291388853,0.04129930401906306,0.04108999984073426,0.10048418222213046,,0.06877115253065617
2025-11-08,-0.009716482313380802,-0.009730592699441935,-0.012259957055691101,0.049056679344840606,-0.01275460638313723,0.0009488911808959239,-0.0233994660088467,-0.014943746667814926,,-0.017318386638120138
2025-11-09,0.023282276376627657,0.05226739382682499,0.03426892218171136,0.03138631382067066,0.017431154267039083,0.005594251318377716,0.040627001781217614,0.018463795001457617,,0.026086222792094937
2025-11-10,0.012193663220656145,-0.004596191552478891,0.0652832348929433,-0.05733965534474923,0.023904160213999458,-0.004474910301697962,0.016816235707348665,0.013517462485834086,,0.027074726300311852
2025-11-11,-0.028424786078386402,-0.04295357580433637,-0.05489691693842188,-0.04484440361035633,-0.06356042699392794,-0.03527490955279098,-0.07939541656413424,-0.05531833221489473,,-0.06842544605543294
2025-11-12,-0.013392342663923335,-0.0007261441480901348,-0.001213871771663243,-0.020788661240609813,-0.019241835270612222,-0.004793160621388139,-0.007664863768048645,-0.010523335931360482,,-0.00841335316378982
2025-11-13,-0.020119280273108733,-0.05552842668009542,-0.028419813005781832,-0.011128399234325133,-0.030141816736251423,-0.0285821906159366,-0.058125465099951014,-0.03846167129551388,,-0.040753240008213266
2025-11-14,-0.052666399488055744,-0.03791504662464513,-0.034322143438134466,0.011230863500002018,-0.06134503614486379,-0.011934313665502468,-0.04162858556473389,-0.03860281333352326,,-0.05265116617774765
2025-11-15,0.010954974333169457,0.018104988155064502,-0.0028581655755886455,0.04055966503291668,0.010985829053078346,0.01737083563281611,0.005388911909627061,0.0345023149168872,,0.023562518092186856
2025-11-16,-0.014346715466385853,-0.02366473248760069,-0.010339494223940216,-0.05980097448760038,-0.03868053329203199,-0.005728021518633068,-0.0179312157390415,-0.02867914509783495,,-0.0290125188654009
2025-11-17,-0.022368539352384025,-0.021032973966626175,-0.023639168561176958,-0.04901997958687948,-0.03894819195894286,-0.021810234479606453,-0.04666941171022312,-0.041624356928560084,,-0.030179805283424694
2025-11-18,0.008797827047264548,0.03052453137016607,0.025129246275755312,0.047556615679872086,0.019558446584400476,0.02835387296106621,0.07230999534908962,0.06155691100190317,,0.03512239420855867
2025-11-19,-0.01576007288195266,-0.032107743704192615,-0.05024183322262671,-0.029510686244325894,-0.023645792276943235,-0.03941768810784478,-0.02666248153801401,-0.04621367918081597,,-0.020140561419646655
2025-11-20,-0.05534853060890508,-0.06579762448086512,-0.05375097073396712,-0.06314611312373358,-0.07147493179104253,-0.03496180732200051,-0.025518192460969105,-0.03689091660371792,,-0.044862104539438855
2025-11-21,-0.017109400181608975,-0.023809882537592947,-0.02417082024062145,-0.05350634016236376,-0.05447892392385377,-0.041153314254531746,-0.03747815078701573,-0.059411072750772835,,-0.06505449039725092
2025-11-22,-0.004534599466125797,0.0016303693270135298,0.0,-0.006680862990832492,-0.01106341954425522,0.003077813336650568,-0.008200288054252583,0.0,,0.00469581124031117
2025-11-23,0.024775327015180825,0.011720819897253001,0.04943230341851301,0.012475181471811755,0.010084945884975298,0.012347824250311147,0.023329870358793598,0.033463892006169185,,0.028520121472213177
2025-11-24,0.016655239549829528,0.052656274088485125,0.08341285082348589,0.028010376203973043,0.04521760599329325,0.02450201627640151,0.05854495778287075,0.04571685313956272,,0.034774509727998885
2025-11-25,-0.010720343164070913,0.0018880826349429501,-0.011472573891126232,-0.0021089638748203188,-0.013897291149662322,-0.0026646292238760626,0.0036062065767288954,0.009054585842940008,,0.00883296191884098
2025-11-26,0.03536857681789417,0.02281287315362992,0.009629586832260482,0.018477081350049468,0.03266739383165283,0.033380540344953705,0.029090380499609186,0.010137856517251265,,0.028272831953658012
2025-11-27,0.009328202320836402,-0.0038303124483573254,-0.010493085874712049,-0.0031136506732793584,-0.005755742838224431,0.004667805711581523,-0.015291141049948215,-0.013343511678105989,,-0.008735636244045535
2025-11-28,-0.004543980633757703,0.005622897964747908,-0.009089103198386688,-0.027398974188114503,-0.030475870045244647,-0.008568725181077364,-0.024948272620738877,-0.01598448828529402,,-0.015873349156290233
2025-11-29,-0.0008214350085476012,-0.013799231613514398,0.009998028910844066,-0.0032102756302482102,-0.01293741092300066,-0.01685675662494689,-0.010318045510740545,-0.011989828484209208,,-0.010646954391392393
2025-11-30,-0.005061336958263083,0.0005315761357226952,-0.021256395415765163,-0.018995521867973163,-0.0009650181689795453,0.0022198583372309367,-0.018410437592419542,-0.01651020959079346,,-0.002158496058529565
2025-12-01,-0.04628175779409894,-0.06689654715564011,-0.06004766889457377,-0.060412239953047585,-0.07178978634696564,-0.056546766304605686,-0.05237040239777584,-0.07479855261138257,,-0.07065897765353109
2025-12-02,0.05661378062768386,0.0684995932859219,0.05930496821521293,0.06573848423572168,0.11755248810493,0.0594115581697863,0.0908069962325016,0.07425034455270013,,0.11000434614979074
2025-12-03,0.023228669970736613,0.06244340068473636,0.02031693343800001,0.0355782811199558,0.037116729457566534,0.048518223037311445,0.042211079763111385,0.03878826018898542,,0.08263047366524953
2025-12-04,-0.014662824899783768,-0.01760346029922137,-0.047237472962328594,-0.026803659041763517,-0.02405962034837709,-0.022908974638771472,-0.03961891241302546,-0.02869474204761785,,-0.026371047493837996
2025-12-05,-0.030296273480216747,-0.036230927051202996,-0.029776352021226637,-0.03830203521923711,-0.055205784526597274,-0.018477311973493442,-0.042078236543504566,-0.05430851763616595,,-0.04776319834232577
2025-12-06,-0.0008657812396433114,0.005450593690699524,-0.001770782558141351,0.01591349192748792,-0.004821610112469903,0.007542015491703972,-0.00828442755863582,0.0015033828940314653,,0.023628012069547476
2025-12-07,0.012626854005219266,0.007170369714187153,0.006477596503655769,-0.0034326379175759142,0.007943235891456952,0.004325857627237888,0.00037805754486053056,-0.007900069814793347,,-0.020542950125106405
2025-12-08,0.0027789187154751084,0.020670222974205663,0.013603008046508781,0.029762661379163148,0.03718075324503535,0.0034272032652693783,0.007531290304940479,0.02780228131195178,,0.009416471637681986
2025-12-09,0.02221207423657431,0.06011304423240926,0.01632044647843805,0.022745662705175303,0.0826513816580343,3.343270275859248e-05,0.03393156323013213,0.0369660425342471,,0.04614346856701533
2025-12-10,-0.0070808956835966,0.0019507619574308762,-0.031098082694460433,-0.017395831244964674,-0.03594238369242679,-0.00480345878293922,-0.011452038065912915,-0.03179011994866965,,-0.021883325205400463
2025-12-11,0.005482899316939676,-0.026705150609598143,-0.0037287846167008026,-0.016497684397141974,-0.06395080440011348,-0.008140181217378925,0.0009532539676932903,-0.021151380741630515,,-0.0022717601705511126
2025-12-12,-0.02476879711797913,-0.04824805500569755,-0.013460219055697437,-0.012005237256332553,-0.03930532307807591,-0.004571281354172564,-0.030661726275063816,-0.024525176131225682,,-0.0311848570278366
2025-12-13,-0.00025125555902149547,0.009706668727390922,0.007890272431155473,-0.005995735306334157,0.004146853119050161,0.017147100133747185,0.006403276238672361,0.015434529797602469,,0.006941681449683704
2025-12-14,-0.023357513732663687,-0.016736385991951472,-0.022241464594245846,-0.031162935500101713,-0.03543043697950045,-0.02226359661127086,-0.028640848680474718,-0.036615351877049646,,-0.03384380169041676
2025-12-15,-0.020094827514845398,-0.032818115152398256,-0.04164151214624818,-0.018658688275992694,-0.02115537033999292,-0.02196624109997726,-0.01251911689014431,-0.03267546124636713,,-0.031991708138233176
2025-12-16,0.01648625798226394,-0.000823439729571228,0.016305561150969768,0.019544596072970346,-0.006201570263281157,0.020015087760485384,0.01019821224319287,0.015143692845444121,,0.0054293160592445225
2025-12-17,-0.018892947264519067,-0.04477976259403472,-0.03550981121145419,-0.03934722336914993,-0.049412441725293195,-0.03824123753960189,-0.046774537550050475,-0.04232861952275597,,-0.05289045243824341
2025-12-18,-0.00873484807085252,-0.002007486333735197,-0.030041784902507977,-0.023295562603522068,-0.044550796985373835,-0.01536606121157986,-0.03040649525206968,-0.03456258952914469,,-0.027616471878058914
2025-12-19,0.030340437295549246,0.052198045648434305,0.05471081657298679,0.04219478918006862,0.07009325293703374,0.030569703277756856,0.05430498628031199,0.08007423561202169,,0.04931699672071074
2025-12-20,0.0026227698192870536,-0.0004802985332389483,0.012601708108708712,0.004894394108419053,-0.010407031886559195,-0.0021059782444006465,-0.003492898684970678,-0.001969250049399055,,0.001116605635237508
2025-12-21,0.0035707875610889654,0.008303800461636462,-0.005708370456678409,-0.013843289831797506,-0.018408749410069963,0.00512848595734033,0.0019860979716293243,-0.006312528091814712,,-0.008967951847585153
2025-12-22,-0.0009388436322043949,0.002086832251504446,-0.009569451016150672,0.0031217507141845856,0.01329915109417885,-1.1652363390674017e-05,-0.001191185370153118,0.010851113794822878,,0.011674528885934886
2025-12-23,-0.012813119775326159,-0.015020699323285692,-0.01658272218146449,-0.0006495615687955339,-0.02263218617479447,-0.016732269059096853,-0.015454525472711634,-0.02514365769214807,,-0.01505835422237945
2025-12-24,0.0020533793096609286,-0.006019057021536966,-0.0056787895029959574,-0.015585411407065394,-0.017246602724096383,0.002615215884860523,-0.012015082031401498,-0.005821415904482485,,-0.010302261064842949
2025-12-25,-0.005004567298196843,-0.014615277743096634,-0.016085266521347032,-0.001188668171392651,-0.03686658393425013,-0.02088646109919464,-0.02021270810091424,-0.038728852196812935,,-0.01685687244805752
2025-12-26,0.0014252498103958853,0.007924170247988197,0.005662036032311779,0.0150832422113285,0.017030286037552106,0.006818987222644738,0.01816880435213348,-0.012703753909127069,,0.009573399847198025
2025-12-27,0.0058478553296438295,0.007210484864986073,0.016155440222285208,0.043930929225726716,0.05620394206757296,0.012316864264792898,0.019852371794007163,0.018271652094196917,,0.026503962540967138
2025-12-28,0.0007887968718687574,0.0007870383341101071,-0.004389963685982339,-0.0201340638023343,-0.0032520353863772318,0.016566564374157322,0.004243231217494011,-0.003546960590896065,,-0.0015209128407067314
2025-12-29,-0.008760767548677793,-0.0050075659916030395,-0.008188818520877762,-0.005736519013783144,-0.04298457369992742,-0.00885380723024871,-0.016757018217727657,-0.009167305510141369,,-0.015744542263597623
2025-12-30,0.014663046714152786,0.012271921324361399,0.014446694691264793,0.007514523038190085,-0.00568344809205496,0.011284507340187605,0.014437481084972073,0.004147864919711109,,0.009557050145609362
2025-12-31,-0.010228438471420761,-0.0012059436284973131,-0.019653344917620875,-0.026747126175984258,-0.05265913800819018,0.001706098845272918,-0.0034492473935755713,-0.04958180931018821,,-0.018138689178655378
2026-01-01,0.014076789213401312,0.011251532667250276,0.020559359315941505,0.040107546739723735,0.06736944570275304,0.0011821154286659862,0.018154810280371744,0.07711896912129554,,0.03428999574325287
2026-01-02,0.013650744135137977,0.04076213424265752,0.06641123380777995,0.025098677929726174,0.10418037558998071,0.02054340700122657,0.04263523164443596,0.11306075702557035,,0.05087283798784079
2026-01-03,0.007089574927661404,6.0793482957395354e-05,0.005716147482612371,0.0017079423451561158,-0.015298615561862757,-0.0036945924833634274,0.008058182701130146,0.008915780917562385,,-0.003246633528678368
2026-01-04,0.00984103785544104,0.005650426530892473,0.03530322549352789,0.002556456441301394,0.028870072919867953,0.019455537453381598,0.005386009429570678,0.04369178940690607,,0.014490286946221839
2026-01-05,0.025638089169613326,0.025769562987768096,0.1161390203782351,0.014723896217163895,0.04990691193616409,0.01671440662788413,0.02839052193014656,0.014677334708988729,,0.036159981414443876
2026-01-06,-0.0015784252579330849,0.021593347864851963,-0.01905147178445192,0.005614972042799431,-0.004522202161049536,0.007398037593838735,0.022514753290358482,-0.007876401708084428,,0.008447326342580044
2026-01-07,-0.026404312654803735,-0.040229964261390944,-0.06266462670714254,-0.027660438488970557,-0.04189604438781132,-0.019543376607707923,-0.03455210454626124,-0.028442407899630318,,-0.043266525433258936
2026-01-08,-0.0027835676237959388,-0.01956699970922675,-0.01955858551945368,-0.0049109982066273625,-0.01680711831638129,-0.008721586074883433,0.014572206859090725,-0.03089558102314637,,-0.017193261095577145
2026-01-09,-0.005624625626785101,-0.006460277679097103,-0.013430027458069146,0.0017215941291032163,-0.010937410317273941,0.004688513917739161,-0.017954065691740857,-0.009279987257601865,,-0.006229129834946039
2026-01-10,-0.0014362555155928629,-0.000622699356881578,-0.0023916590372845517,-0.003692766382484145,-0.0074445216105051325,0.012216179215892695,-0.000884108213486185,-0.007429136247645706,,-0.00015241579057087795
2026-01-11,0.005367734122380088,0.011694945776100921,-0.00798157905855966,-0.03017065543560753,0.005908816164076956,-0.003778717744959784,0.02783913476420312,-0.01190103844154124,,0.005548180677100477
2026-01-12,0.003472263473118467,-0.008601490254384376,-0.009555525863843999,-0.034129475900629876,-0.01263066153555328,0.001824848297510806,-0.0032310205814464203,-0.009843675679039368,,-0.010054929320213866
2026-01-13,0.04498896435967188,0.07218361171244111,0.05324090431275983,0.027114588388424343,0.0897529677491301,0.041438372293172154,0.04486129050964483,0.08266031127574587,,0.07462187206389186
2026-01-14,0.016335342776532633,0.009415780384171771,-0.011432945094341606,-0.018994046056243847,-0.017945211791030414,0.005486880701111501,0.008694813959317085,-0.007176740349746852,,0.002554642320365463
2026-01-15,-0.014204975971383243,-0.011041953695059193,-0.02897516404700307,-0.05994001405362844,-0.05203056068847237,-0.018891277685446954,-0.029960382523281457,-0.05037462185827069,,-0.0229400740595122
2026-01-16,-0.0008754961856585383,-0.0069864155476383055,-0.005597119557767647,0.04031216929059701,0.006590644895453807,0.007855264544432996,0.01713133818711055,-0.01345295638968974,,-0.005089069507471181
2026-01-17,-0.004134120073420534,0.004376003506572128,-0.0021312674572584954,-0.003731844928101771,0.002271294351819064,0.008819513035727495,-0.008111244166109513,-0.001812316998999071,,0.0008014280418754977
2026-01-18,-0.015645465521392506,-0.008125192610209034,-0.03538576399803816,-0.035749644541781464,-0.054389374940361314,-0.017007901370966035,-0.04157347175960205,-0.04618146703784513,,-0.03136583777800925
2026-01-19,-0.011535136245805416,-0.029380511636738695,-0.0030187183318220734,-0.020835543631800915,-0.015017713187812953,-0.007930940244287957,-0.03282368644451488,-0.019257183372598723,,-0.032925099125043704
2026-01-20,-0.046993263880508264,-0.08202165175408825,-0.050164180356961324,-0.05414572591386564,-0.05498330918866908,-0.04424348950094587,-0.059472391467737744,-0.04645730756858624,,-0.060920759168072644
2026-01-21,0.011854525651427774,0.014570667339547035,0.030471392840930398,0.020375723375631042,0.04302339495189446,-0.0003397585481957233,0.029637606335380588,0.02611072570941849,,0.022526048365866864
2026-01-22,0.0011160495134706781,-0.010200865657669641,-0.012462348120942667,-0.004100767316638123,-0.01849093666705675,0.0050617573359325345,-0.008456545993032208,-0.017787109023902608,,-0.011689393595205527
2026-01-23,0.0001277534402814572,0.0011555151714459783,-0.0025007827975228984,-0.0022037766944523066,0.002225933028153911,0.0034763860381658695,-0.008371523287617885,0.002812715319228501,,-0.0036811363094895423
2026-01-24,-0.004399272092153783,-0.0013250578474390598,-0.002925506213565253,0.0013228487267505343,-0.005294703744452589,-0.0048184183468604124,-0.0020448296547026334,-0.004746017033044274,,-0.0013121209033580418
2026-01-25,-0.02869897517154138,-0.046712198756606,-0.04160924932069861,-0.012563907784173345,-0.055434148072945076,-0.02456227756428504,-0.06749254669712783,-0.03863388327518417,,-0.05715841383994852
2026-01-26,0.01931358208119521,0.03922030315626942,0.03683697186271495,0.0355066884569096,0.03795906978090173,0.015846119127340404,0.044155101108827303,0.024013739820221775,,0.03651348212654708
2026-01-27,0.009775855158730326,0.031962322419493865,0.005609010066157293,0.004011466697374578,0.02360323117489277,0.021721992494783956,0.023337445588300424,0.030776617422304513,,0.007261832337772165
2026-01-28,0.0005097617692141614,-0.005222238514240635,-0.0025123011225074085,-0.008760018680830723,-0.00612815288284933,0.004689783330826451,-0.014751635574147406,-0.009566399486495219,,-0.01643505046044257
2026-01-29,-0.053551690874894996,-0.06471395352840723,-0.055821428757345186,-0.04695282239343423,-0.06881326840926925,-0.03946288718533647,-0.06221885293773622,-0.06409004754194543,,-0.06334432972226112
2026-01-30,-0.004770498975023516,-0.04170531643000896,-0.040658075043599355,-0.011708489264900278,-0.042494548800096614,-0.011262203160845405,-0.0016168152269052834,-0.012633918206303295,,-0.030175097318617054
2026-01-31,-0.06715503614124992,-0.09842080739104223,-0.05163659613340637,-0.09457627970411027,-0.087408934853733,-0.09413163203261221,-0.10761517988184281,-0.10457280391957705,,-0.07636708462597983
2026-02-01,-0.022534452680721316,-0.07684901814615032,-0.034687702877315596,-0.017639534709455618,-0.027645160666145353,-0.028691318405068212,-0.04639356940598313,0.00019203072550610966,,-0.06040545745794406
2026-02-02,0.022774099479357553,0.03335456131801778,0.018019629016760852,0.02584385029791972,0.046217364247156265,0.019809350790162307,0.03705572165993863,0.034627734433721837,,0.0423067884216143
2026-02-03,-0.038952534487233674,-0.05011550016708211,-0.0259153211112986,-0.009381874812768398,-0.025412175528787745,-0.025456729591448294,-0.06628872758486738,-0.018155093451617938,,-0.033616610798984974
2026-02-04,-0.03583726886322036,-0.0397441455542884,-0.04434511481242542,-0.011001211061973456,-0.01975458452437697,-0.08014660756718783,-0.06159686188278496,-0.021766969178702748,,-0.025867196836854643
2026-02-05,-0.15062029241072378,-0.1618794644429391,-0.21867888908193114,-0.1473382214987488,-0.15368409869200048,-0.13634774576938416,-0.1617768714040777,-0.15966726773487525,,-0.1558847216620042
2026-02-06,0.11619378934950204,0.12305893804881696,0.19187267550032544,0.08102822071279568,0.11878027067851338,0.0783690671155068,0.11135352052506725,0.10807422152942271,,0.11623511308114846
2026-02-07,-0.018358354947690798,0.011677711945355893,-0.03203428644132776,0.003267976764616013,-0.01460412958481537,-0.015607692349336852,0.001600549101259575,-0.0024420036555517443,,0.0031496089028962013
2026-02-08,0.014830544474171467,0.0010779502743361305,0.005329232162619269,-0.012402128689332395,-0.008124121492740666,-0.010917342734377299,-0.007107676374520409,-0.01653779152813256,,-0.009818937868353732
2026-02-09,-0.0025265483233337387,0.007351693914156508,0.004465850698975432,-0.0012854652399067318,0.0003707136279712795,-0.0043879652295908626,-0.002303617696892839,-0.005192119659957763,,0.0027183163187771814
2026-02-10,-0.018694385797076336,-0.039815805173797465,-0.026312666772295826,-0.020045214601232035,-0.03010009029785593,-0.027450019137129706,-0.04444652105488251,-0.03506901025125087,,-0.030782262727048322
2026-02-11,-0.026192156122599917,-0.04153926023279151,-0.021896311448260496,-0.020072629997847046,-0.023184964331057073,-0.019199390228480873,-0.04588300165930289,-0.01839107278969775,,-0.030436359700852386
2026-02-12,-0.012263338171922026,0.0034280806484587663,-0.004613533868742105,0.015751345678286646,0.031931930158344037,0.009270851960749695,-0.011424343598003423,0.020114839646175824,,0.010764366587158484
2026-02-13,0.038576846771660345,0.05077726031373932,0.03164318041658222,0.03496795079816307,0.03204447054845626,0.008458460541204929,0.07309525840511472,0.039055095398679476,,0.04136431710130172
2026-02-14,0.014069024496359715,0.018350914685743555,0.07022474883405497,0.017303964564809444,0.07826402596968773,0.021748330643114627,0.04365173568855273,0.13886136594541582,,0.03642471365298494
2026-02-15,-0.014359713722557238,-0.059285248725450344,-0.02272901304356565,-0.016395286628591552,-0.04650386824148561,-0.02815460635386328,-0.022168254039129698,-0.07840726165006938,,-0.03448617607116932
2026-02-16,0.0009608418835159175,0.01611082027269827,0.00817213206375495,0.0010893247264550212,0.014809861656982504,0.019639590172648397,0.0034782643763250137,-0.016110368083049068,,0.01716780362236528
2026-02-17,-0.020414158175886328,-0.003234617713015951,-0.00885051211826266,-0.022015198431566713,-0.016943575126529525,-0.014673176225103036,-0.015748356968139282,-0.003472053485527769,,-0.011827792069047223
2026-02-18,-0.0156390885709064,-0.01815632869382668,-0.0362771669032266,-0.011192058628907587,-0.027062809820348806,-0.02171810385817814,-0.041900373135616335,-0.02149540376363091,,-0.025593868457815822
2026-02-19,0.008287033127714899,-0.0035099711427411706,-0.010540188832754946,-0.01188805395958942,-0.0021969983205421635,0.005050099026933481,0.010974381572499468,-0.001727554923831486,,-0.0031437413095410597
2026-02-20,0.014996473904556386,0.010198515987949332,0.015733911905766906,0.046545900576329624,0.043399315534555644,0.02956871135103678,0.026093640831235342,0.017842315973148035,,0.041572733053711994
2026-02-21,-0.0004213617520607007,0.0024713736815090786,0.0011893519434676804,-0.005632794033780092,-0.017348638334612865,-1.5982483198930883e-05,0.006007438998708079,-0.017028977172719728,,-0.008425596100787486
2026-02-22,-0.004983275510683511,-0.008224299761429226,-0.0264981851603162,-0.02602823445698968,-0.030459207484708574,-0.01798131029992527,-0.028590392851525107,-0.02970515441391581,,-0.022129339212477603
2026-02-23,-0.04526052162659475,-0.05316594705279304,-0.030323022960389013,-0.040455812586072885,-0.035222824354941694,-0.030197705790879634,-0.06065483375317337,-0.030722586378355683,,-0.04614660263578162
2026-02-24,-0.008663232318167497,-0.0019312419352830563,-0.0022968927965718723,-0.0033161056429245124,-0.013438482137616033,-0.02122149504834365,0.01415208167232879,-0.013805317358236171,,-0.009831966074522887
2026-02-25,0.059449882252839266,0.10535997568338329,0.06177154846254712,0.10383532031318236,0.13873622365162083,0.07526488286677985,0.10869713815128017,0.09981759885114638,,0.12278527681154974
2026-02-26,-0.007413056921096132,-0.014592939125875235,-0.021997502893542527,-0.02028178398958303,-0.03492309708398318,-0.005624661296682447,-0.024718163677642707,-0.03991436625546365,,-0.018730810053770874
2026-02-27,-0.02445662947740618,-0.049682864889953354,-0.03393104976568207,-0.019234851775049813,-0.03294082144686718,-0.019230431125591967,-0.04853411500659405,-0.03803378896059188,,-0.04301376114467434
2026-02-28,0.016682287555064818,0.018026741774097903,0.01471422177089516,-0.0027520428340837063,0.012169083599732445,0.005441991386392249,0.030445766534164403,0.00736199644106904,,0.01627717913219551
2026-03-01,-0.018064050782347314,-0.012821640716489452,-0.017298679550599463,-0.021917667856574157,-0.02740885605045028,0.0014731715509193168,-0.009168368086879554,-0.02377350708621271,,-0.020878061414271464
2026-03-02,0.04552029566943559,0.04427556379664064,0.027492889945748923,0.025036078161324832,0.012715884325302714,0.031026042936884792,0.035718082602079246,0.018337262818331004,,0.03165862623884449
2026-03-03,-0.0072323306032261786,-0.022253284660597915,-0.021374859584733563,0.003473812799464988,-0.053385544318642765,-0.006624260115088184,0.004031566826714261,-0.03901551830295205,,-0.016101231703930644
2026-03-04,0.06167452891390647,0.07045399385440455,0.050440491112857325,0.03585255833901678,0.05085527006067497,0.038404323106771825,0.043746785453391834,0.0950272486355485,,0.05970278422167906
2026-03-05,-0.025015572652156228,-0.026007274491252723,-0.01940164565422915,-0.023337658442710393,-0.025661232111817638,-0.015678910112317614,-0.02337855556695198,-0.05590485276075306,,-0.015300373902551729
2026-03-06,-0.038489681858986095,-0.04492593769157821,-0.029130027611595444,-0.02629808235463273,-0.03822603533943363,-0.029505099979833038,-0.04716386847238163,-0.026313033452085157,,-0.047927344323143856
